{"cameraMode":{"drawMode":0,"name":"Shaded","section":"Shading Mode"},"sceneLighting":true,"audioPlay":false,"sceneViewState":{"m_AlwaysRefresh":false,"showFog":true,"showSkybox":true,"showFlares":true,"showImageEffects":true,"showParticleSystems":true,"showVisualEffectGraphs":true,"m_FxEnabled":true},"in2DMode":false,"pivot":{"x":-20.91179656982422,"y":-34.718605041503909,"z":116.14806365966797},"rotation":{"x":0.18987604975700379,"y":-0.10988504439592362,"z":0.02172837220132351,"w":0.9753365516662598},"size":103.07764434814453,"orthographic":false}